Workbook

Sheet Switzerland
A1: CH 2023 | B1: mean annual population (residents) | C1: births | D1: deaths | E1: immigrants | F1: emigrants
B2: 8888093 | C2: 80024 | D2: 71822 | E2: 263100 | F2: 123963
A6: Total Population
A8: CH 2023 | B8: percentage (%) | C8: absolute numbers
A9: birth rate | B9: =C9/B2 -> 0.0090035062 | C9: 80024
A10: death rate | B10: =C10/B2 -> 0.0080806985 | C10: 71822
A11: natural increase | B11: =C11/B2 -> 0.00092280763 | C11: =C9-C10 -> 8202
A12: immigr. rate | B12: =C12/B2 -> 0.0296014 | C12: 263100
A13: emigr. rate | B13: =C13/B2 -> 0.013947086 | C13: 123963
A14: net migration rate | B14: =C14/B2 -> 0.015654314 | C14: =C12-C13 -> 139137
A15: growth rate | B15: =C15/B2 -> 0.016577122 | C15: =C11+C14 -> 147339
A16: doubling time | C16: =70/(B15*100) -> 42.226872

Sheet California
A1: California 2023 | B1: mean annual population (residents) | C1: births | D1: deaths | E1: immigrants | F1: emigrants
B2: 39128162 | C2: 400108 | D2: 340526 | E2: 134370 | F2: 144472
A8: California 2023 | B8: percentage (%) | C8: absolute numbers
A9: birth rate | B9: =C9/B2 -> 0.010225576 | C9: =C2 -> 400108
A10: death rate | B10: =C10/B2 -> 0.0087028366 | C10: =D2 -> 340526
A11: natural increase | B11: =C11/B2 -> 0.0015227396 | C11: =C2-D2 -> 59582
A12: immigr. rate | B12: =C12/B2 -> 0.0034340995 | C12: =E2 -> 134370
A13: emigr. rate | B13: =C13/B2 -> 0.0036922767 | C13: =F2 -> 144472
A14: net migration rate | B14: =C14/B2 -> -0.00025817722 | C14: =E2-F2 -> -10102
A15: growth rate | B15: =C15/B2 -> 0.0012645623 | C15: =C11+C14 -> 49480
A16: doubling time | C16: =70/(B15*100) -> 553.5512

Sheet Nigeria
A1: Nigeria 2023 | B1: mean annual population (residents) | C1: births | D1: deaths | E1: immigrants | F1: emigrants
B2: 227883000 | C2: 7510000 | D2: 2675000 | E2: 1308568 | F2: 1366504
A8: Nigeria 2023 | B8: percentage (%) | C8: absolute numbers
A9: birth rate | B9: =C9/B2 -> 0.032955508 | C9: =C2 -> 7510000
A10: death rate | B10: =C10/B2 -> 0.01173848 | C10: =D2 -> 2675000
A11: natural increase | B11: =C11/B2 -> 0.021217028 | C11: =C9-C10 -> 4835000
A12: immigr. rate | B12: =C12/B2 -> 0.00574228 | C12: =E2 -> 1308568
A13: emigr. rate | B13: =C13/B2 -> 0.0059965158 | C13: =F2 -> 1366504
A14: net migration rate | B14: =C14/B2 -> -0.00025423573 | C14: =C12-C13 -> -57936
A15: growth rate | B15: =C15/B2 -> 0.020962792 | C15: =C11+C14 -> 4777064
A16: doubling time | C16: =70/(B15*100) -> 33.392498

Sheet Senegal
A1: Senegal 2023 | B1: mean annual population (residents) | C1: births | D1: deaths | E1: immigrants | F1: emigrants
B2: 18077573 | C2: 560000 | D2: 91000 | E2: 270000 | F2: 693765
A8: Senegal 2023 | B8: percentage (%) | C8: absolute numbers
A9: birth rate | B9: =C9/B2 -> 0.03097761 | C9: =C2 -> 560000
A10: death rate | B10: =C10/B2 -> 0.0050338616 | C10: =D2 -> 91000
A11: natural increase | B11: =C11/B2 -> 0.025943748 | C11: =C9-C10 -> 469000
A12: immigr. rate | B12: =C12/B2 -> 0.014935633 | C12: =E2 -> 270000
A13: emigr. rate | B13: =C13/B2 -> 0.03837711 | C13: =F2 -> 693765
A14: net migration rate | B14: =C14/B2 -> -0.023441476 | C14: =C12-C13 -> -423765
A15: growth rate | B15: =C15/B2 -> 0.0025022717 | C15: =C11+C14 -> 45235
A16: doubling time | C16: =70/(B15*100) -> 279.7458
F19: 85

Sheet Comparison
B1: =Switzerland!A8 -> CH 2023 | D1: =Senegal!A8 -> Senegal 2023 | F1: =Nigeria!A8 -> Nigeria 2023 | H1: =California!A8 -> California 2023
B2: =Switzerland!B8 -> percentage (%) | C2: =Switzerland!C8 -> absolute numbers | D2: =Senegal!B8 -> percentage (%) | E2: =Senegal!C8 -> absolute numbers | F2: =Nigeria!B8 -> percentage (%) | G2: =Nigeria!C8 -> absolute numbers | H2: =California!B8 -> percentage (%) | I2: =California!C8 -> absolute numbers
A3: =Switzerland!A9 -> birth rate | B3: =Switzerland!B9 -> 0.0090035062 | C3: =Switzerland!C9 -> 80024 | D3: =California!B9 -> 0.010225576 | E3: =California!C9 -> 400108 | F3: =Nigeria!B9 -> 0.032955508 | G3: =Nigeria!C9 -> 7510000 | H3: =Senegal!B9 -> 0.03097761 | I3: =Senegal!C9 -> 560000
A4: =Switzerland!A10 -> death rate | B4: =Switzerland!B10 -> 0.0080806985 | C4: =Switzerland!C10 -> 71822 | D4: =California!B10 -> 0.0087028366 | E4: =California!C10 -> 340526 | F4: =Nigeria!B10 -> 0.01173848 | G4: =Nigeria!C10 -> 2675000 | H4: =Senegal!B10 -> 0.0050338616 | I4: =Senegal!C10 -> 91000
A5: =Switzerland!A11 -> natural increase | B5: =Switzerland!B11 -> 0.00092280763 | C5: =Switzerland!C11 -> 8202 | D5: =California!B11 -> 0.0015227396 | E5: =California!C11 -> 59582 | F5: =Nigeria!B11 -> 0.021217028 | G5: =Nigeria!C11 -> 4835000 | H5: =Senegal!B11 -> 0.025943748 | I5: =Senegal!C11 -> 469000
A6: =Switzerland!A12 -> immigr. rate | B6: =Switzerland!B12 -> 0.0296014 | C6: =Switzerland!C12 -> 263100 | D6: =California!B12 -> 0.0034340995 | E6: =California!C12 -> 134370 | F6: =Nigeria!B12 -> 0.00574228 | G6: =Nigeria!C12 -> 1308568 | H6: =Senegal!B12 -> 0.014935633 | I6: =Senegal!C12 -> 270000
A7: =Switzerland!A13 -> emigr. rate | B7: =Switzerland!B13 -> 0.013947086 | C7: =Switzerland!C13 -> 123963 | D7: =California!B13 -> 0.0036922767 | E7: =California!C13 -> 144472 | F7: =Nigeria!B13 -> 0.0059965158 | G7: =Nigeria!C13 -> 1366504 | H7: =Senegal!B13 -> 0.03837711 | I7: =Senegal!C13 -> 693765
A8: =Switzerland!A14 -> net migration rate | B8: =Switzerland!B14 -> 0.015654314 | C8: =Switzerland!C14 -> 139137 | D8: =California!B14 -> -0.00025817722 | E8: =California!C14 -> -10102 | F8: =Nigeria!B14 -> -0.00025423573 | G8: =Nigeria!C14 -> -57936 | H8: =Senegal!B14 -> -0.023441476 | I8: =Senegal!C14 -> -423765
A9: =Switzerland!A15 -> growth rate | B9: =Switzerland!B15 -> 0.016577122 | C9: =Switzerland!C15 -> 147339 | D9: =California!B15 -> 0.0012645623 | E9: =California!C15 -> 49480 | F9: =Nigeria!B15 -> 0.020962792 | G9: =Nigeria!C15 -> 4777064 | H9: =Senegal!B15 -> 0.0025022717 | I9: =Senegal!C15 -> 45235
A10: =Switzerland!A16 -> doubling time | C10: =Switzerland!C16 -> 42.226872 | E10: =California!C16 -> 553.5512 | G10: =Nigeria!C16 -> 33.392498 | I10: =Senegal!C16 -> 279.7458
