Workbook

Sheet Exponential Growth
A1: time_years | B1: Year | C1: population_census | D1: population_model_low | E1: population_model_intermediate | F1: population_model_high | G1: growth_rate_low | H1: growth_rate_intermediate | I1: growth_rate_high | J1: initial_population
A2: =B2-1850 -> 0 | B2: 1850 | C2: 2.39274
A3: =B3-1850 -> 10 | B3: 1860 | C3: 2.510494
A4: =B4-1850 -> 20 | B4: 1870 | C4: 2.657614
A5: =B5-1850 -> 30 | B5: 1880 | C5: 2.817307
A6: =B6-1850 -> 40 | B6: 1890 | C6: 2.949577
A7: =B7-1850 -> 50 | B7: 1900 | C7: 3.282407
A8: =B8-1850 -> 60 | B8: 1910 | C8: 3.711868
A9: =B9-1850 -> 70 | B9: 1920 | C9: 3.869481
A10: =B10-1850 -> 80 | B10: 1930 | C10: 4.052557
A11: =B11-1850 -> 90 | B11: 1940 | C11: 4.252902
A12: =B12-1850 -> 100 | B12: 1950 | C12: 4.668
A13: =B13-1850 -> 110 | B13: 1960 | C13: 5.2955
... A37: =B37-1850 -> 170 | B37: 2020 | C37: 8.6703
A38: 171 | B38: 2021 | C38: 8.738791
A39: 172 | B39: 2022 | C39: 8.8127
A40: 173 | B40: 2023 | C40: 8.9608
A41: 174 | B41: 2024 | C41: 9.0489
A42: =B42-1850 -> 180 | B42: 2030
A43: =B43-1850 -> 190 | B43: 2040
A44: =B44-1850 -> 200 | B44: 2050

Sheet Growth Rates
A1: ='Exponential Growth'!A1 -> time_years | B1: ='Exponential Growth'!B1 -> Year | C1: ='Exponential Growth'!C1 -> population_census | D1: annual growth rate (%/Y)
A2: =B2-1850 -> 0 | B2: ='Exponential Growth'!B2 -> 1850 | C2: ='Exponential Growth'!C2 -> 2.39274
A3: =B3-1850 -> 10 | B3: ='Exponential Growth'!B3 -> 1860 | C3: ='Exponential Growth'!C3 -> 2.510494
A4: =B4-1850 -> 20 | B4: ='Exponential Growth'!B4 -> 1870 | C4: ='Exponential Growth'!C4 -> 2.657614
A5: =B5-1850 -> 30 | B5: ='Exponential Growth'!B5 -> 1880 | C5: ='Exponential Growth'!C5 -> 2.817307
A6: =B6-1850 -> 40 | B6: ='Exponential Growth'!B6 -> 1890 | C6: ='Exponential Growth'!C6 -> 2.949577
A7: =B7-1850 -> 50 | B7: ='Exponential Growth'!B7 -> 1900 | C7: ='Exponential Growth'!C7 -> 3.282407
A8: =B8-1850 -> 60 | B8: ='Exponential Growth'!B8 -> 1910 | C8: ='Exponential Growth'!C8 -> 3.711868
A9: =B9-1850 -> 70 | B9: ='Exponential Growth'!B9 -> 1920 | C9: ='Exponential Growth'!C9 -> 3.869481
A10: =B10-1850 -> 80 | B10: ='Exponential Growth'!B10 -> 1930 | C10: ='Exponential Growth'!C10 -> 4.052557
A11: =B11-1850 -> 90 | B11: ='Exponential Growth'!B11 -> 1940 | C11: ='Exponential Growth'!C11 -> 4.252902
A12: =B12-1850 -> 100 | B12: ='Exponential Growth'!B12 -> 1950 | C12: ='Exponential Growth'!C12 -> 4.668
A13: =B13-1850 -> 110 | B13: ='Exponential Growth'!B13 -> 1960 | C13: ='Exponential Growth'!C13 -> 5.2955
... A39: =B39-1850 -> 172 | B39: ='Exponential Growth'!B39 -> 2022 | C39: ='Exponential Growth'!C39 -> 8.8127
A40: 173 | B40: 2023 | C40: 8.9608
A41: 174 | B41: 2024 | C41: 9.0489
